key,operator,year,private,state,regulated,fare_income_million,other_income_million,total_income,staff_costs_millions,diesel_costs_millions,rolling_stock_costs,other_costs,total_costs,subsidy,net_total,ftee,avg_staff_cost_per_staff,passenger_km_billions,passenger_journeys_millions,train_km_millions,route_km,vehicle_km_millions,LEN,stations_managed,age_rollingstock,mean_routekm,mean_trainkm_millions,mean_vehiclekm_millions,mean_avgstaffcost,mean_passkm_million,mean_agers,mean_tc,mean_LEN,ROUTE,TDEN,TLEN,logtc,INP,TDEN2,STATI2,TLEN2,TIME,TIME2,DENSTATI,TDENLEN,STATILN,LFAC,LNAGE,efficiencyu_score,efficiency_score,frontier_output,bigT,yearT,covid
1,Caledonian_Sleeper,2015,0,0,1,29.1,0.93,30.03,9.02,,0,60.38,69.4,22.08,-17.3,142,63534.75,0.19,0.28,1.45,1472,17.05,12,0,41.38,1471,1,16,65322,0,19,70,12,0,0,0,0,,,0,0,1,1,,,0,0,1,,,,2023,-8,0
1,Caledonian_Sleeper,2016,0,0,1,29.71,0.99,30.7,10.47,,0,54.51,64.98,20.17,-14.11,142,73761.35,0.22,0.32,1.44,1472,17.77,12,0,37.48,1471,1,16,65322,0,19,70,12,0,0,0,0,0,0,0,0,2,4,0,0,0,0,1,0,0,0,2023,-7,0
1,Caledonian_Sleeper,2017,0,0,1,29.86,0.99,30.85,12.25,,4.5,50.33,67.08,21.98,-14.25,168,72908.95,0.19,0.3,1.4,1471,17.27,12,0,38.51,1471,1,16,65322,0,19,70,12,0,0,0,0,0,0,0,0,3,9,0,0,0,0,1,0,0,0,2023,-6,0
1,Caledonian_Sleeper,2018,0,0,1,30.82,0.99,31.81,12.43,,3.33,78.24,93.99,26.77,-35.41,174,71437.11,0.2,0.31,1.42,1471,17.09,12,0,19.63,1471,1,16,65322,0,19,70,12,0,0,0,0,0,0,0,0,4,16,0,0,0,0,0,0,0,0,2023,-5,0
1,Caledonian_Sleeper,2019,0,0,1,32.42,0.81,33.22,12.87,,8.35,50.23,71.46,16.93,-21.31,195,66013.82,0.21,0.31,1.39,1471,17.27,12,0,7.95,1471,1,16,65322,0,19,70,12,0,0,0,0,0,0,0,0,5,25,0,0,0,0,-1,0,0,0,2023,-4,0
1,Caledonian_Sleeper,2020,0,0,1,6.89,0.04,6.93,11.83,,10.52,43.72,66.07,55.23,-3.91,184,64292.96,0.06,0.08,0.89,1471,10.49,12,0,8.95,1471,1,16,65322,0,19,70,12,0,0,0,0,0,0,0,0,6,36,0,0,0,-1,-1,0,0,0,2023,-3,1
1,Caledonian_Sleeper,2021,0,0,1,24.02,0.61,24.63,12.42,2.5,10.1,48.99,74.01,42.43,-6.96,187,66418.86,0.15,0.22,1.31,1471,15.85,12,0,4.23,1471,1,16,65322,0,19,70,12,0,0,0,0,0,0,0,0,7,49,0,0,0,0,-1,0,0,0,2023,-2,0
1,Caledonian_Sleeper,2022,0,0,1,29.65,0.92,30.58,13.26,2.94,9.01,42.06,67.27,32.23,-4.47,198,66945.13,0.18,0.27,1.39,1471,16.72,12,0,5.23,1471,1,16,65322,0,19,70,12,0,0,0,0,0,0,0,0,8,64,0,0,0,0,-1,0,0,0,2023,-1,0
1,Caledonian_Sleeper,2023,0,1,0,23.53,1.26,24.79,10.49,2.48,15.3,26.09,54.36,29.57,0,257,40797.85,0.2,0.31,1.42,1471,17.02,12,0,6.23,1471,1,16,65322,0,19,70,12,0,0,0,0,0,0,0,0,9,81,0,0,0,0,-1,0,0,0,2023,0,0
2,Chiltern,2015,0,0,1,233.55,27.55,261.1,71.9,16.63,35.78,97.01,221.31,-44.68,-4.89,851,84483.42,1.3,24.48,11.08,362,45.16,4,35,19.76,354,11,44,77667,1,27,235,4,0,0,0,0,0,0,1225,0,1,1,-1,0,11,0,0,0,0,0,2023,-8,0
2,Chiltern,2016,0,0,1,254.86,23.97,278.83,66.25,17.5,35.67,100.62,220.05,-60.47,-1.69,843,78588.98,1.45,26.41,12.03,362,48.78,4,35,24.34,354,11,44,77667,1,27,235,4,0,0,0,0,0,0,1225,0,2,4,101,0,4,0,0,0,0,0,2023,-7,0
2,Chiltern,2017,0,0,1,270.58,25.16,295.74,64.67,18.23,34.12,117.53,234.54,-54.16,7.04,840,76986.16,1.6,28.1,12.27,362,51.74,4,35,25.07,354,11,44,77667,1,27,235,4,0,0,0,0,0,0,1225,0,3,9,125,0,53,0,0,0,0,0,2023,-6,0
2,Chiltern,2018,0,0,1,284.51,25.39,309.9,67.57,18.85,28.88,126.72,242.03,-65.27,2.61,852,79307.23,1.65,29.32,12.23,354,51.68,4,35,25.85,354,11,44,77667,1,27,235,4,0,0,0,0,0,0,1225,0,4,16,148,0,55,0,0,0,0,0,2023,-5,0
2,Chiltern,2019,0,0,1,280.32,25.7,306.02,69.59,16.79,11.95,159.38,257.71,-56.2,-7.89,850,81876.33,1.58,28.39,12.8,349,49.6,4,35,27.71,354,11,44,77667,1,27,235,4,0,0,0,0,0,0,1225,0,5,25,221,0,-51,0,0,0,0,0,2023,-4,0
2,Chiltern,2020,0,0,1,38.64,7.34,45.99,66.96,13.59,11.69,168.2,260.44,189.29,-25.17,850,78771.74,0.21,4.62,9.35,349,36.43,4,35,27.95,354,11,44,77667,1,27,235,4,0,0,0,0,0,0,1225,0,6,36,-164,0,-44,-2,0,0,0,0,2023,-3,1
2,Chiltern,2021,0,0,1,135.68,13.65,149.33,66.35,13.93,13.74,127.05,221.07,73.32,1.59,896,74097.35,0.75,14.27,9.86,349,38.33,4,35,28.88,354,11,44,77667,1,27,235,4,0,0,0,0,0,0,1225,0,7,49,-99,0,-47,0,0,0,0,0,2023,-2,0
2,Chiltern,2022,0,0,1,181.11,13.48,194.6,63.05,17.72,20.55,112.27,213.59,21.57,2.57,866,72802.67,1.05,19.34,9.07,349,35.89,4,35,29.88,354,11,44,77667,1,27,235,4,0,0,0,0,0,0,1225,0,8,64,-201,0,-25,0,0,0,0,0,2023,-1,0
2,Chiltern,2023,0,0,1,191.56,18.56,210.12,65.82,13.92,37.48,130.55,247.77,38.91,1.26,913,72092.38,1.13,21.07,8.83,349,36.26,4,35,30.88,354,11,44,77667,1,27,235,4,0,0,0,0,0,0,1225,0,9,81,-234,0,20,0,0,0,0,0,2023,0,0
3,Cross_Country,2015,0,0,1,645.33,11.6,656.93,128.69,47.42,185.6,172.29,534,-108.94,14,1793,71771.04,3.5,37.22,32.98,2710,144.18,4,0,17.6,2710,28,130,68755,3,21,580,5,0,0,0,0,0,0,0,0,1,1,0,0,0,0,0,0,0,0,2023,-8,0
3,Cross_Country,2016,0,0,1,659.55,9.31,668.86,121.19,55.3,126.4,252.89,555.78,-84.15,28.92,1854,65368.42,3.58,38.71,32.89,2710,143.34,4,0,18.38,2710,28,130,68755,3,21,580,5,0,0,0,0,0,0,0,0,2,4,0,0,0,0,0,0,0,0,2023,-7,0
3,Cross_Country,2017,0,0,1,670.88,8.73,679.62,128.47,45.82,61.34,335.91,571.54,-80.29,27.78,1885,68153.17,3.76,40.14,32.49,2710,141.97,4,0,19.38,2710,28,130,68755,3,21,580,5,0,0,0,0,0,0,0,0,3,9,0,0,0,0,0,0,0,0,2023,-6,0
3,Cross_Country,2018,0,0,1,674.57,7.26,681.83,135.26,47.15,59.77,329.9,572.08,-79.16,30.59,1915,70630.12,3.71,40.66,32.68,2710,142.26,4,0,20.38,2710,28,130,68755,3,21,580,5,0,0,0,0,0,0,0,0,4,16,0,0,0,0,0,0,0,0,2023,-5,0
3,Cross_Country,2019,0,0,1,659.72,6.62,666.34,139.72,49.67,54.86,386.52,630.78,-8.44,27.13,1983,70459.66,3.64,39.78,32.77,2710,141.81,4,0,21.38,2710,28,130,68755,3,21,580,5,0,0,0,0,0,0,0,0,5,25,0,0,0,0,0,0,0,0,2023,-4,0
3,Cross_Country,2020,0,0,1,91.53,0.5,92.02,137.8,32.83,50.15,382.09,602.87,518.12,7.28,1961,70271.87,0.56,6.74,19.48,2710,108.27,6,0,22.36,2710,28,130,68755,3,21,580,5,0,0,0,0,0,0,0,0,6,36,0,0,0,-1,0,0,0,0,2023,-3,1
3,Cross_Country,2021,0,0,1,322.51,2.18,324.7,134.27,48.97,49.54,388.41,621.18,301,4.52,1914,70166,1.81,20.62,21.48,2710,123.67,6,0,23.36,2710,28,130,68755,3,21,580,5,0,0,0,0,0,0,0,0,7,49,0,0,0,0,0,0,0,0,2023,-2,0
3,Cross_Country,2022,0,0,1,420.41,2.77,423.18,121.13,62.94,195.46,211.4,590.94,176.62,8.86,1854,65335.92,2.43,27.77,20.61,2710,112.73,5,0,24.36,2710,28,130,68755,3,21,580,5,0,0,0,0,0,0,0,0,8,64,0,0,0,0,0,0,0,0,2023,-1,0
3,Cross_Country,2023,0,0,1,468.03,2.52,470.56,125.32,47.37,180.54,184.96,538.19,72.08,4.45,1881,66643.01,2.79,32.76,23.32,2710,112.6,5,0,22.71,2710,28,130,68755,3,21,580,5,0,0,0,0,0,0,0,0,9,81,0,0,0,0,0,0,0,0,2023,0,0
4,East_Anglia,2015,0,0,1,771.36,60.13,831.49,191.96,8.77,164.43,263.54,628.69,-168.98,33.82,2859,67141.06,3.88,91.69,29.85,1591,195.47,7,131,26.71,991,27,193,66300,3,19,648,7,0,0,0,0,0,0,17161,0,1,1,-6656,0,-1286,0,0,0,0,0,2023,-8,0
4,East_Anglia,2016,0,0,1,763.71,58.47,822.17,198.97,,172.66,244.95,616.59,-166.84,38.75,2903,68540.28,3.8,82.03,29.06,1591,191.11,7,132,26.02,991,27,193,66300,3,19,648,7,0,0,0,0,0,0,17424,0,2,4,-7224,0,-1232,0,0,0,0,0,2023,-7,0
4,East_Anglia,2017,0,0,1,758.54,64.5,823.04,203.43,,192.21,224.21,619.85,-172.6,30.6,3075,66155.33,3.8,81.34,28.49,1592,192.33,7,133,27.37,991,27,193,66300,3,19,648,7,0,0,0,0,0,0,17689,0,3,9,-7686,0,-791,0,0,0,0,0,2023,-6,0
4,East_Anglia,2018,0,0,1,797.03,70.97,868,201.4,,196.14,220.36,617.89,-269.5,-19.39,3103,64903.43,3.93,84.95,28.51,1592,192.04,7,133,28.35,991,27,193,66300,3,19,648,7,0,0,0,0,0,0,17689,0,4,16,-7679,0,-824,0,0,0,0,0,2023,-5,0
4,East_Anglia,2019,0,0,1,782.85,157.76,940.61,210.81,,185.51,342.29,738.6,-188.15,13.85,2913,72377.55,3.87,84.95,29.1,511,204.86,7,133,22.23,991,27,193,66300,3,19,648,7,-1,1,0,0,0,1,17689,0,5,25,12785,0,-46,0,0,0,0,0,2023,-4,0
4,East_Anglia,2020,0,0,1,141.61,91.95,233.56,202.76,,167.66,379.37,749.8,520.04,3.8,2867,70722.1,0.76,19,24.9,511,188.45,8,133,16.75,991,27,193,66300,3,19,648,7,-1,1,0,0,0,0,17689,0,6,36,10028,0,1234,-1,0,0,0,0,2023,-3,1
4,East_Anglia,2021,0,0,1,405.88,-14.78,391.1,175.87,6.44,149.05,317.02,648.38,259.37,2.09,2799,62841.24,2.1,49.58,25.7,511,191.82,7,134,11.33,991,27,193,66300,3,19,648,7,-1,1,0,0,0,0,17956,0,7,49,10747,0,1003,0,0,0,0,0,2023,-2,0
4,East_Anglia,2022,0,0,1,568.89,68.77,637.66,169.13,7.77,117.33,302.6,596.84,-27.61,13.2,2792,60577.56,2.88,66.64,24.7,511,184.4,7,134,5.24,991,27,193,66300,3,19,648,7,-1,1,0,0,0,0,17956,0,8,64,10034,0,1007,0,-1,0,0,0,2023,-1,0
4,East_Anglia,2023,0,0,1,652.94,33.74,686.68,172.11,6.99,111.48,323.9,614.47,-57.8,14.4,2713,63445.55,3.34,76.36,26.3,511,200.16,8,134,3.88,991,27,193,66300,3,19,648,7,-1,1,0,0,0,0,17956,0,9,81,11161,0,1353,0,-2,0,0,0,2023,0,0
5,East_Coast_(LNER),2015,0,0,1,932.22,101.22,1033.43,190.15,26.97,71.49,458.04,746.65,-269.28,17.51,3194,59532.72,5.39,21.07,22.05,1481,241.06,11,11,30.28,1492,22,219,59809,5,17,820,10,0,0,0,0,0,0,121,0,1,1,1,0,11,0,1,0,0,0,2023,-8,0
5,East_Coast_(LNER),2016,0,0,1,964.92,102.15,1067.07,205.86,28.71,120.91,376.44,731.93,-354.09,-18.94,3294,62496.71,5.51,21.65,22.44,1481,245.03,11,11,30.71,1492,22,219,59809,5,17,820,10,0,0,0,0,0,0,121,0,2,4,3,0,11,0,1,0,0,0,2023,-7,0
5,East_Coast_(LNER),2017,0,0,1,965.42,106.48,1071.9,206.87,29.72,120.28,380.42,737.29,-419.99,-85.38,3456,59858.72,5.64,21.8,22.87,1481,249.84,11,11,30.9,1492,22,219,59809,5,17,820,10,0,0,0,0,0,0,121,0,3,9,6,0,11,0,1,0,0,0,2023,-6,0
5,East_Coast_(LNER),2018,0,1,0,997.26,98.09,1095.35,205,32.33,122.13,443.8,803.27,-257.32,34.76,3012,68062.5,5.81,22.28,23.44,1481,255,11,11,25.5,1492,22,219,59809,5,17,820,10,0,0,0,0,0,0,121,0,4,16,9,0,10,0,0,0,0,0,2023,-5,0
5,East_Coast_(LNER),2019,0,1,0,951.69,68.72,1020.42,191.42,18.57,247.51,427.64,885.13,-128.71,6.57,3055,62657.77,5.5,21.23,23.39,1481,241.84,10,11,7.52,1492,22,219,59809,5,17,820,10,0,0,0,0,0,0,121,0,5,25,8,0,4,0,-1,0,0,0,2023,-4,0
5,East_Coast_(LNER),2020,0,1,0,126.77,28.05,154.82,181.37,3.63,402.57,262.15,849.72,696.14,1.25,3005,60355.16,1.07,4.23,17,1481,152.92,9,11,7.47,1492,22,219,59809,5,17,820,10,0,0,0,0,0,0,121,0,6,36,-30,0,-13,-1,-1,0,0,0,2023,-3,1
5,East_Coast_(LNER),2021,0,1,0,546.4,47.38,593.78,178.3,8.38,382.92,308.85,878.46,288.41,3.74,3017,59106.28,4.39,17.69,22.2,1514,194.87,9,11,6.61,1492,22,219,59809,5,17,820,10,0,0,0,0,0,0,121,0,7,49,-1,0,-16,0,-1,0,0,0,2023,-2,0
5,East_Coast_(LNER),2022,0,1,0,713.49,56.43,769.92,171.69,10.95,387.61,283.64,853.9,89.87,5.89,3240,52991.23,5.59,23.43,22.04,1515,195.25,9,11,7.69,1492,22,219,59809,5,17,820,10,0,0,0,0,0,0,121,0,8,64,-1,0,-14,0,-1,0,0,0,2023,-1,0
5,East_Coast_(LNER),2023,0,1,0,794.73,65.77,860.5,170.94,8.7,383.05,332.28,894.96,39.01,4.54,3212,53219.08,5.64,24.17,22.39,1515,198.37,9,11,8.69,1492,22,219,59809,5,17,820,10,0,0,0,0,0,0,121,0,9,81,0,0,-14,0,-1,0,0,0,2023,0,0
6,East_Midlands,2015,0,0,1,474.25,61.82,536.07,127.01,45.84,40.52,194.77,408.15,-94.84,33.08,2150,59075.17,2.39,26.11,22.97,1550,110.21,5,89,24.3,1531,23,106,61284,2,24,482,5,0,0,0,0,0,0,7921,0,1,1,57,0,130,0,0,0,0,0,2023,-8,0
6,East_Midlands,2016,0,0,1,488.23,60.68,548.91,135.03,35.19,46.11,213.66,429.98,-90.12,28.81,2262,59693.42,2.44,26.83,23,1550,109.8,5,89,23.2,1531,23,106,61284,2,24,482,5,0,0,0,0,0,0,7921,0,2,4,67,0,91,0,0,0,0,0,2023,-7,0
6,East_Midlands,2017,0,0,1,487.14,59.91,547.05,137.64,35.02,45.76,225.78,444.21,-77.67,25.17,2352,58522.3,2.45,27.19,22.97,1550,108.96,5,90,25.13,1531,23,106,61284,2,24,482,5,0,0,0,0,0,0,8100,0,3,9,58,0,41,0,0,0,0,0,2023,-6,0
6,East_Midlands,2018,0,0,1,481.61,61.94,543.55,151.88,42.61,48.78,240.23,483.51,-29.91,30.13,2460,61740.36,2.42,26.73,22.79,1550,109.08,5,90,26.17,1531,23,106,61284,2,24,482,5,0,0,0,0,0,0,8100,0,4,16,-4,0,112,0,0,0,0,0,2023,-5,0
6,East_Midlands,2019,0,0,1,452.87,62.77,515.64,161.14,41.95,59.4,254.14,516.63,33.38,32.39,2441,66028.62,2.25,25.39,22.42,1550,107.36,5,90,28.76,1531,23,106,61284,2,24,482,5,0,0,0,0,0,0,8100,0,5,25,-137,0,116,0,0,0,0,0,2023,-4,0
6,East_Midlands,2020,0,0,1,71.15,35.51,106.65,159.71,33.58,76.32,244.74,514.36,424.32,16.61,2504,63780.24,0.41,5.07,19.17,1550,89.98,5,90,23.39,1531,23,106,61284,2,24,482,5,0,0,0,0,0,0,8100,0,6,36,-1407,0,-45,-1,0,0,0,0,2023,-3,1
6,East_Midlands,2021,0,0,1,265.15,38.78,303.93,146.04,29.33,70.22,294.76,540.35,241.76,5.34,2294,63660.06,1.49,18,22.92,1502,104.63,5,102,21.91,1531,23,106,61284,2,24,482,5,0,0,0,0,0,0,10404,0,7,49,382,0,-348,0,0,0,0,0,2023,-2,0
6,East_Midlands,2022,0,0,1,354.69,25.59,380.29,143,32.62,61.04,260.96,497.62,122.33,5,2410,59344.4,2.2,25.55,22.73,1490,107.31,5,102,22.02,1531,23,106,61284,2,24,482,5,0,0,0,0,0,0,10404,0,8,64,376,0,-1,0,0,0,0,0,2023,-1,0
6,East_Midlands,2023,0,0,1,400.31,26.22,426.53,146.53,34.46,66.85,256.1,503.94,86.33,8.93,2454,59713.93,2.4,28.94,23.8,1490,109.79,5,102,22.81,1531,23,106,61284,2,24,482,5,0,0,0,0,0,0,10404,0,9,81,853,0,-239,0,0,0,0,0,2023,0,0
7,Elizabeth_Line,2015,0,0,1,92.84,9.73,102.56,27.01,0,18.72,59.46,105.18,6.88,4.26,659,40981.17,0.5,37.47,2.33,32,18.44,8,12,36.25,80,6,49,71729,1,17,363,8,-1,0,0,-1,-1,0,144,0,1,1,-5,0,-6,0,1,0,0,-1,2023,-8,0
7,Elizabeth_Line,2016,0,0,1,108.12,18.33,126.45,42.5,0,21.63,76.7,140.83,17.31,2.93,754,56372.17,0.57,44.61,2.7,32,21.49,8,12,35.75,80,6,49,71729,1,17,363,8,-1,0,0,-1,0,0,144,0,2,4,16,0,-5,0,1,0,0,-1,2023,-7,0
7,Elizabeth_Line,2017,0,0,1,105.72,24.31,130.03,54.36,0,15.33,94.28,163.97,38.36,4.43,1084,50148.04,0.53,42.38,2.82,59,22.19,8,24,23.63,80,6,49,71729,1,17,363,8,0,0,0,-1,0,0,576,0,3,9,-250,0,-30,0,0,0,0,-1,2023,-6,0
7,Elizabeth_Line,2018,0,0,1,125.33,55,180.33,75.14,0,32.8,213.9,321.84,147.66,6.16,1401,53630.46,0.64,51.29,3.83,60,29.16,8,24,18.87,80,6,49,71729,1,17,363,8,0,0,0,0,0,0,576,0,4,16,-83,0,-48,0,0,0,0,0,2023,-5,0
7,Elizabeth_Line,2019,0,0,1,143.57,68.71,212.28,118.64,0,85.94,249.17,453.76,251.61,10.13,1515,78298.65,0.71,55.51,5.01,99,34.99,7,24,8.86,80,6,49,71729,1,17,363,8,0,0,0,0,0,0,576,0,5,25,-219,0,-98,0,-1,0,0,0,2023,-4,0
7,Elizabeth_Line,2020,0,0,1,49.6,41.07,90.67,110.07,0,25.7,293.65,429.42,348.04,9.29,1425,77233.8,0.22,18.03,6.19,99,46.22,7,24,8.42,80,6,49,71729,1,17,363,8,0,0,0,0,0,0,576,0,6,36,-98,0,-59,-1,-1,0,0,0,2023,-3,1
7,Elizabeth_Line,2021,0,0,1,107.75,52.65,160.39,118.04,0,85.6,316.39,520.03,364.17,4.54,1255,94026.04,0.46,37.37,8.34,99,70.29,8,24,7.32,80,6,49,71729,1,17,363,8,0,0,0,0,0,0,576,0,7,49,74,0,10,-1,-1,0,0,0,2023,-2,0
7,Elizabeth_Line,2022,0,0,1,331.63,23.07,354.7,129.89,0,69.53,329.76,529.19,175.3,0.81,1277,101709.25,1.39,143.15,10.07,118,90.26,9,29,6.59,80,6,49,71729,1,17,363,8,0,0,0,0,0,0,841,0,8,64,117,0,67,0,-1,0,0,0,2023,-1,0
7,Elizabeth_Line,2023,0,0,1,605.98,15.25,621.23,119.9,0,80.1,407.25,607.24,91.04,105.03,1287,93159.89,2.16,220.27,11.82,118,106.49,9,27,7.59,80,6,49,71729,1,17,363,8,0,0,0,1,0,0,729,0,9,81,219,0,62,0,-1,0,0,1,2023,0,0
8,Essex_Thameside_(c2c),2015,0,0,1,209.9,11.51,221.41,47.15,0,31.12,89.72,167.99,-51.67,1.75,622,75809.06,1.14,43.42,6.98,115,43.1,6,26,15.03,124,7,47,82448,1,18,183,7,0,0,0,0,0,0,676,0,1,1,80,0,-88,0,0,0,0,0,2023,-8,0
8,Essex_Thameside_(c2c),2016,0,0,1,219.78,12.37,232.15,51.69,0,34.06,74.56,160.3,-60.43,11.41,652,79274.39,1.21,46.64,7.41,126,46.76,6,25,15.05,124,7,47,82448,1,18,183,7,0,0,0,0,0,0,625,0,2,4,59,0,-67,0,0,0,0,0,2023,-7,0
8,Essex_Thameside_(c2c),2017,0,0,1,217.86,11.88,229.74,55.81,0,36.98,74.3,167.09,-72.71,-10.06,682,81834.12,1.21,47.87,7.29,126,48.09,7,25,16.05,124,7,47,82448,1,18,183,7,0,0,0,0,0,0,625,0,3,9,49,0,-40,0,0,0,0,0,2023,-6,0
8,Essex_Thameside_(c2c),2018,0,0,1,222.26,11.52,233.78,55.71,0,27.24,78.07,161.02,-87.29,-14.54,690,80742.9,1.24,49.14,7.29,126,48.41,7,25,17.05,124,7,47,82448,1,18,183,7,0,0,0,0,0,0,625,0,4,16,48,0,-35,0,0,0,0,0,2023,-5,0
8,Essex_Thameside_(c2c),2019,0,0,1,213.01,12.88,225.89,56.12,0,37.58,70.7,164.4,-80.48,-18.99,643,87317.84,1.2,47.32,7.18,126,48.5,7,25,18.05,124,7,47,82448,1,18,183,7,0,0,0,0,0,0,625,0,5,25,39,0,-24,0,0,0,0,0,2023,-4,0
8,Essex_Thameside_(c2c),2020,0,0,1,55.48,6.15,61.62,63.01,0,34.35,108.58,205.93,133.7,-10.61,648,97273.45,0.33,15.01,5.97,126,48.32,8,25,19.05,124,7,47,82448,1,18,183,7,0,0,0,0,0,0,625,0,6,36,-76,0,89,-1,0,0,0,0,2023,-3,1
8,Essex_Thameside_(c2c),2021,0,0,1,115.09,8.65,123.74,56.58,0,54.75,91.81,203.14,80.52,1.12,633,89325.42,0.62,28.06,5.99,126,47.92,8,25,20.62,124,7,47,82448,1,18,183,7,0,0,0,0,0,0,625,0,7,49,-74,0,81,0,0,0,0,0,2023,-2,0
8,Essex_Thameside_(c2c),2022,0,0,1,133.3,9.75,143.06,42.44,0,57.55,109.4,209.39,67.56,1.22,639,66388.25,0.77,33.77,5.91,126,46.65,8,25,22.23,124,7,47,82448,1,18,183,7,0,0,0,0,0,0,625,0,8,64,-83,0,73,0,0,0,0,0,2023,-1,0
8,Essex_Thameside_(c2c),2023,0,0,1,139.89,8.2,148.09,53.66,0,59.49,91.9,205.06,59.17,2.2,638,84068.44,0.83,35.79,6.13,126,44.9,7,25,19.68,124,7,47,82448,1,18,183,7,0,0,0,0,0,0,625,0,9,81,-59,0,26,0,0,0,0,0,2023,0,0
9,Great_Western,2015,0,0,1,1217.75,111.48,1329.23,423.49,83.25,73.56,544.73,1125.04,-143.92,60.26,5914,71608.48,5.97,103.95,43,1997,261.7,6,207,33.39,1997,42,260,67568,5,19,1409,6,0,0,0,0,0,0,42849,0,1,1,597,0,-303,0,1,0,0,0,2023,-8,0
9,Great_Western,2016,0,0,1,1207.3,92.42,1299.72,423.36,74.26,98.78,480.59,1076.99,-172.18,50.55,6105,69345.79,6.01,104.91,43.31,1997,265.69,6,207,30.06,1997,42,260,67568,5,19,1409,6,0,0,0,0,0,0,42849,0,2,4,908,0,33,0,0,0,0,0,2023,-7,0
9,Great_Western,2017,0,0,1,1200.11,97.01,1297.12,423.94,79.33,163.45,545.3,1212.01,-39.29,45.83,6057,69991.34,5.99,103.67,43.12,1997,265.14,6,196,22.56,1997,42,260,67568,5,19,1409,6,0,0,0,0,0,0,38416,0,3,9,646,0,118,0,0,0,0,0,2023,-6,0
9,Great_Western,2018,0,0,1,1216.26,100.55,1316.82,426.33,64.38,454.77,538.14,1483.63,221.42,54.6,6343,67213.4,6,100.07,41.66,1997,272.57,7,196,14.62,1997,42,260,67568,5,19,1409,6,0,0,0,0,0,0,38416,0,4,16,-680,0,2507,0,0,0,0,0,2023,-5,0
9,Great_Western,2019,0,0,1,1227.51,158.02,1385.53,445.99,57.19,575.52,634.71,1713.4,381.92,54.04,6452,69122.96,5.97,97.04,45.19,1997,284.55,6,197,11.9,1997,42,260,67568,5,19,1409,6,0,0,0,0,0,0,38809,0,5,25,2468,0,1047,0,0,0,0,0,2023,-4,0
9,Great_Western,2020,0,0,1,200.53,117.97,318.5,427.48,32.66,598.78,537.38,1596.31,1317.58,39.78,6408,66708.16,1.11,17.94,35.95,1997,215.1,6,194,13.87,1997,42,260,67568,5,19,1409,6,0,0,0,0,0,0,37636,0,6,36,-6219,0,-904,-1,0,0,0,0,2023,-3,1
9,Great_Western,2021,0,0,1,669.44,138.37,807.8,430.25,53.93,571.9,532.78,1588.86,811.69,30.64,6230,69061.25,3.8,55.14,42.37,1997,253.09,6,194,13.91,1997,42,260,67568,5,19,1409,6,0,0,0,0,0,0,37636,0,7,49,-33,0,-967,0,0,0,0,0,2023,-2,0
9,Great_Western,2022,0,0,1,955.64,52.21,1007.86,373.35,77.51,546.72,441.16,1438.74,445.23,14.35,6185,60364.53,5.37,77.18,42.54,1997,259.62,6,194,14.94,1997,42,260,67568,5,19,1409,6,0,0,0,0,0,0,37636,0,8,64,118,0,-160,0,0,0,0,0,2023,-1,0
9,Great_Western,2023,0,0,1,1039.52,89.61,1129.13,402.09,59.05,529.74,454.97,1445.85,336.28,19.57,6215,64696.26,5.84,82.61,44.5,1997,261.73,6,194,14.99,1997,42,260,67568,5,19,1409,6,0,0,0,0,0,0,37636,0,9,81,1821,0,-1554,0,0,0,0,0,2023,0,0
10,London_Overground,2015,0,0,1,283.46,22.97,306.43,123.25,0.76,36.78,256.36,417.15,124.67,13.95,1466,84069.41,1.24,183.16,8.08,167,43.89,5,81,13.7,169,10,48,89856,1,12,411,5,0,0,0,0,0,0,6561,0,1,1,-1052,0,503,0,0,0,0,0,2023,-8,0
10,London_Overground,2016,0,0,1,288.72,22.76,311.48,125.25,0.36,38.82,264.81,429.24,126.93,9.16,1413,88644.22,1.29,188.78,7.93,167,48.12,6,81,14.7,169,10,48,89856,1,12,411,5,0,0,0,0,0,0,6561,0,2,4,-1174,0,1231,0,0,0,0,0,2023,-7,0
10,London_Overground,2017,0,0,1,285.21,23.12,308.33,121.99,0.62,45.6,220.26,388.47,86.26,6.12,1440,84714.62,1.3,189.76,8.18,167,46.69,6,81,15.68,169,10,48,89856,1,12,411,5,0,0,0,0,0,0,6561,0,3,9,-970,0,828,0,0,0,0,0,2023,-6,0
10,London_Overground,2018,0,0,1,276.34,40.14,316.48,131.5,0.9,49.29,239.32,421.01,111.27,6.73,1451,90625,1.29,188.06,8.71,167,49.04,6,81,16.99,169,10,48,89856,1,12,411,5,0,0,0,0,0,0,6561,0,4,16,-561,0,742,0,0,0,0,0,2023,-5,0
10,London_Overground,2019,0,0,1,274.97,53.16,328.13,134.85,0.04,39.45,215.05,389.4,68.87,7.59,1502,89780.66,1.27,186.04,10.74,167,49.32,5,81,18.39,169,10,48,89856,1,12,411,5,0,0,0,0,0,0,6561,0,5,25,813,0,-595,0,0,0,0,0,2023,-4,0
10,London_Overground,2020,0,0,1,89.6,26.85,116.45,145.95,0,42.65,210.29,398.9,288.16,5.72,1534,95143.12,0.4,59.2,9.45,167,42.88,5,81,6.78,169,10,48,89856,1,12,411,5,0,0,0,0,0,0,6561,0,6,36,-29,0,-672,-1,-1,0,0,0,2023,-3,1
10,London_Overground,2021,0,0,1,198,24.32,222.31,143.61,0,43.97,232.55,420.12,203.62,5.81,1529,93923.14,0.86,126.89,11.04,167,47.9,4,81,7.63,169,10,48,89856,1,12,411,5,0,0,0,0,0,0,6561,0,7,49,993,0,-968,0,0,0,0,0,2023,-2,0
10,London_Overground,2022,0,0,1,226.25,29.14,255.39,136.02,0,40.69,220.31,397.03,149.35,7.71,1505,90381.72,1.08,157.07,10.67,174,51.15,5,82,8.63,169,10,48,89856,1,12,411,5,0,0,0,0,0,0,6724,0,8,64,540,0,-323,0,0,0,0,0,2023,-1,0
10,London_Overground,2023,0,0,1,247.46,21.28,268.74,137.68,0,19.07,281.43,438.19,179.53,10.09,1506,91420.15,1.25,181.39,11.31,174,54.05,5,82,9.63,169,10,48,89856,1,12,411,5,0,0,0,0,0,0,6724,0,9,81,928,0,-341,0,0,0,0,0,2023,0,0
11,Merseyrail,2015,0,0,1,62.41,30.33,92.74,72.33,0,15.93,93.64,181.9,108.75,19.59,1288,56158.62,0.58,43.39,6.63,121,22.81,3,66,37.25,121,6,22,57526,0,35,184,4,0,0,0,0,0,0,4356,0,1,1,454,0,-234,0,0,0,0,0,2023,-8,0
11,Merseyrail,2016,0,0,1,59.85,23.58,83.44,74.92,0,15.87,77.77,168.56,104.45,19.32,1325,56543.53,0.6,42.83,6.34,121,22.39,4,66,37.34,121,6,22,57526,0,35,184,4,0,0,0,0,0,0,4356,0,2,4,262,0,-121,0,0,0,0,0,2023,-7,0
11,Merseyrail,2017,0,0,1,61.41,22.25,83.66,72.53,0,15.58,82.15,170.26,105.42,18.82,1185,61209.91,0.55,40.94,6.07,121,21.8,4,66,38.58,121,6,22,57526,0,35,184,4,0,0,0,0,0,0,4356,0,3,9,71,0,-48,0,0,0,0,0,2023,-6,0
11,Merseyrail,2018,0,0,1,62.02,24.05,86.07,69.16,0,15.39,93.78,178.32,111.23,18.98,1206,57343.8,0.55,42.1,6.38,121,22.57,4,66,39.58,121,6,22,57526,0,35,184,4,0,0,0,0,0,0,4356,0,4,16,284,0,-108,0,0,0,0,0,2023,-5,0
11,Merseyrail,2019,0,0,1,60.17,28.03,88.21,72.1,0,15.52,110.78,198.4,128.67,18.48,1168,61726.53,0.56,30.64,6.49,121,22.32,3,66,40.58,121,6,22,57526,0,35,184,4,0,0,0,0,0,0,4356,0,5,25,362,0,-235,0,0,0,0,0,2023,-4,0
11,Merseyrail,2020,0,0,1,17.57,22.62,40.19,70.88,0,15.33,93.95,180.17,129.52,-10.46,1129,62812.86,0.17,9.02,4.3,121,19.31,4,66,41.59,121,6,22,57526,0,35,184,4,0,0,0,0,0,0,4356,0,6,36,-1437,0,932,-1,0,0,0,0,2023,-3,1
11,Merseyrail,2021,0,0,1,41.17,31.98,73.15,60.85,0,14.53,117.68,193.06,126.58,6.67,1149,52983.89,0.38,21.04,5.4,121,21.83,4,66,42.57,121,6,22,57526,0,35,184,4,0,0,0,0,0,0,4356,0,7,49,-440,0,469,0,0,0,0,0,2023,-2,0
11,Merseyrail,2022,0,0,1,41.15,35.98,77.13,63.32,0,13.88,114.07,191.27,129.29,15.15,1225,51693.8,0.45,25.5,6.02,121,20.33,3,66,21.67,121,6,22,57526,0,35,184,4,0,0,0,0,0,0,4356,0,8,64,32,0,-312,0,0,0,0,0,2023,-1,0
11,Merseyrail,2023,0,0,1,45.24,26,71.24,68.01,0,13.83,108.59,190.44,154.49,35.29,1188,57265.3,0.51,28.28,6.2,122,22.01,4,67,13.78,121,6,22,57526,0,35,184,4,0,0,0,0,0,0,4489,0,9,81,120,0,-101,0,-1,0,0,0,2023,0,0
12,Northern,2015,0,0,1,338.22,75.42,413.64,324.59,40.7,102,251.91,719.2,332.55,26.99,5301,61231.66,2.32,97.42,46.18,2734,125.24,3,464,27.23,3002,48,137,62135,2,25,938,3,0,0,0,0,0,0,215296,0,1,1,13556,0,-12631,0,0,0,0,0,2023,-8,0
12,Northern,2016,0,0,1,388.25,54.44,442.69,348.6,34.34,131.83,277.76,792.54,370.12,20.27,5687,61298.14,2.63,107.7,48.79,2800,136.3,3,476,27.58,3002,48,137,62135,2,25,938,3,0,0,0,0,0,0,226576,0,2,4,21331,0,-6584,0,0,0,0,0,2023,-7,0
12,Northern,2017,0,0,1,377.88,57.86,435.74,357.97,32.14,137.23,255.36,782.71,360.52,13.55,5837,61328.03,2.59,103.32,46.46,2800,129.6,3,476,28.49,3002,48,137,62135,2,25,938,3,0,0,0,0,0,0,226576,0,3,9,10218,0,-6886,0,0,0,0,0,2023,-6,0
12,Northern,2018,0,0,1,376.15,80.39,456.54,386.27,33.55,147.9,341.82,909.53,428.29,-24.7,6183,62472.99,2.58,101.34,48.52,2800,136.85,3,478,28.55,3002,48,137,62135,2,25,938,3,0,0,0,0,0,0,228484,0,4,16,20260,0,-4468,0,0,0,0,0,2023,-5,0
12,Northern,2019,0,0,1,408.21,74.33,482.54,425.73,37.36,166.38,464.4,1093.86,470.65,-140.68,6351,67034.09,2.89,107.99,56.41,3194,157.46,3,476,21.42,3002,48,137,62135,2,25,938,3,0,0,0,0,0,0,226576,0,5,25,24394,0,-6763,0,0,0,0,0,2023,-4,0
12,Northern,2020,0,1,0,91.41,44.56,135.97,431.56,21.1,198.2,393.12,1043.98,915.91,7.9,6666,64741.16,0.59,21.91,39.79,3197,120.28,3,477,21.4,3002,48,137,62135,2,25,938,3,0,0,0,0,0,0,227529,0,6,36,-55084,0,11321,-1,0,0,0,0,2023,-3,1
12,Northern,2021,0,1,0,291.97,68.28,360.25,437.36,38.6,201.47,413.61,1091.03,739.78,9,6854,63810.29,2,67.49,48.72,3158,145.21,3,465,21.89,3002,48,137,62135,2,25,938,3,0,0,0,0,0,0,216225,0,7,49,-5963,0,7736,0,0,0,0,0,2023,-2,0
12,Northern,2022,0,1,0,335.76,19.06,354.82,400.42,54.95,193.82,333.41,982.6,636.42,8.64,6912,57930.7,2.47,81.36,44.37,3158,133.91,3,465,23.09,3002,48,137,62135,2,25,938,3,0,0,0,0,0,0,216225,0,8,64,-26202,0,10460,0,0,0,0,0,2023,-1,0
12,Northern,2023,0,1,0,361.62,19.12,380.74,413.05,41.21,191.29,377.84,1023.39,652.17,9.52,6957,59368.93,2.77,85.07,49.28,3180,147.52,3,465,23.63,3002,48,137,62135,2,25,938,3,0,0,0,0,0,0,216225,0,9,81,-4978,0,8661,0,0,0,0,0,2023,0,0
13,ScotRail,2015,0,0,1,432.42,28.17,460.59,277.3,48.16,146.84,351.71,824.01,385.17,21.76,4874,56893.13,2.88,93.83,46.67,3121,157.38,3,355,19.88,3121,44,169,60501,2,22,1008,4,0,0,0,0,0,0,126025,0,1,1,7872,0,-16477,0,0,0,0,0,2023,-8,0
13,ScotRail,2016,0,0,1,426.99,37.52,464.51,310.48,48.92,147.34,287.9,794.64,320.77,-9.36,4907,63273.43,2.84,94.24,46.91,3121,164.87,4,356,20.7,3121,44,169,60501,2,22,1008,4,0,0,0,0,0,0,126736,0,2,4,8569,0,-11330,0,0,0,0,0,2023,-7,0
13,ScotRail,2017,0,0,1,437.78,29.91,467.69,316.54,47.85,147.2,384.85,896.43,405.81,-22.93,4820,65671.59,2.96,97.78,47.36,3121,166.24,4,356,23.44,3121,44,169,60501,2,22,1008,4,0,0,0,0,0,0,126736,0,3,9,9793,0,-11508,0,0,0,0,0,2023,-6,0
13,ScotRail,2018,0,0,1,443.03,44.21,487.24,304.57,52.75,148.93,515.92,1022.17,527.69,-7.24,5168,58934.21,2.98,97.78,47.65,3121,175.16,4,354,22.33,3121,44,169,60501,2,22,1008,4,0,0,0,0,0,0,125316,0,4,16,10433,0,-5577,0,0,0,0,0,2023,-5,0
13,ScotRail,2019,0,0,1,437.49,45,482.48,318.67,60.18,166.4,568,1113.24,627.59,-3.17,5162,61731.69,2.91,96.42,49.04,3121,196.54,4,354,20.62,3121,44,169,60501,2,22,1008,4,0,0,0,0,0,0,125316,0,5,25,14049,0,5238,0,0,0,0,0,2023,-4,0
13,ScotRail,2020,0,0,1,64.69,29.2,93.88,305.51,47.74,163.72,644.83,1161.8,1032.7,-35.22,5211,58628.53,0.4,14.38,35.86,3121,146.54,4,355,21.69,3121,44,169,60501,2,22,1008,4,0,0,0,0,0,0,126025,0,6,36,-25305,0,7705,-2,0,0,0,0,2023,-3,1
13,ScotRail,2021,0,0,1,214.61,16.97,231.58,292.71,55.85,158.14,617.66,1124.37,885.06,-7.73,4926,59427.66,1.47,46.69,38.59,3121,161.77,4,355,22.25,3121,44,169,60501,2,22,1008,4,0,0,0,0,0,0,126025,0,7,49,-16071,0,10932,0,0,0,0,0,2023,-2,0
13,ScotRail,2022,0,1,0,280.66,9.43,290.09,303.22,61.31,142.64,519.51,1026.69,736.59,0,4968,61034.59,2.05,63.69,38.81,3121,161.65,4,357,23.25,3121,44,169,60501,2,22,1008,4,0,0,0,0,0,0,127449,0,8,64,-15517,0,10227,0,0,0,0,0,2023,-1,0
13,ScotRail,2023,0,1,0,327.49,8.34,335.83,318,70.05,206.25,514.62,1108.92,773.1,0,5398,58910.85,2.53,81.15,43.67,3121,186.37,4,358,24.25,3121,44,169,60501,2,22,1008,4,0,0,0,0,0,0,128164,0,9,81,-504,0,13421,0,0,0,0,0,2023,0,0
14,South_Eastern,2015,0,0,1,967.47,88.52,1055.99,259.02,0,145.85,641.39,1046.25,30.31,40.05,4231,61218.7,4.54,181.65,31.06,748,249.73,8,178,16.44,748,31,248,62125,4,20,1171,8,0,0,0,0,0,0,31684,0,1,1,-140,0,353,0,0,0,0,0,2023,-8,0
14,South_Eastern,2016,0,0,1,985.84,94.37,1080.21,271.68,0,212.58,568.33,1052.59,24.76,52.39,4362,62283.4,4.63,182.42,31.72,748,256.01,8,165,17.17,748,31,248,62125,4,20,1171,8,0,0,0,0,0,0,27225,0,2,4,455,0,404,0,0,0,0,0,2023,-7,0
14,South_Eastern,2017,0,0,1,979.38,94.46,1073.84,266.49,0,226.03,597.63,1090.15,62.09,45.77,4325,61617.11,4.55,176.24,31.82,748,258.56,8,164,17.78,748,31,248,62125,4,20,1171,8,0,0,0,0,0,0,26896,0,3,9,534,0,581,0,0,0,0,0,2023,-6,0
14,South_Eastern,2018,0,0,1,1019.25,84.19,1103.43,280.9,0,228.02,631.69,1140.62,96.85,59.67,4410,63697.17,4.69,183.25,31.9,748,260.52,8,164,18.78,748,31,248,62125,4,20,1171,8,0,0,0,0,0,0,26896,0,4,16,602,0,717,0,0,0,0,0,2023,-5,0
14,South_Eastern,2019,0,0,1,1026.78,70.41,1097.19,290.68,0,270.13,726.76,1287.57,225.04,34.66,4511,64438.7,4.63,179.49,35.44,748,259.22,7,164,19.78,748,31,248,62125,4,20,1171,8,0,0,0,0,0,0,26896,0,5,25,3431,0,-2247,0,0,0,0,0,2023,-4,0
14,South_Eastern,2020,0,0,1,230.64,41.35,271.99,293.18,0,290.68,732.72,1316.58,1063.32,18.72,4480,65443.05,1,40.17,29.23,748,235.98,8,164,20.47,748,31,248,62125,4,20,1171,8,0,0,0,0,0,0,26896,0,6,36,-1755,0,412,-1,0,0,0,0,2023,-3,1
14,South_Eastern,2021,0,0,1,553.56,53.79,607.35,271.12,0,258.61,778.91,1308.65,651.51,-49.79,4556,59513.03,2.54,97.78,30.01,748,242.24,8,164,20.86,748,31,248,62125,4,20,1171,8,0,0,0,0,0,0,26896,0,7,49,-1045,0,408,0,0,0,0,0,2023,-2,0
14,South_Eastern,2022,0,1,0,663.6,39.26,702.86,268.56,0,200.65,650.42,1119.62,424.88,8.12,4481,59932.85,3.15,117.52,28.97,748,233.97,8,164,21.86,748,31,248,62125,4,20,1171,8,0,0,0,0,0,0,26896,0,8,64,-1987,0,417,0,0,0,0,0,2023,-1,0
14,South_Eastern,2023,0,1,0,723.14,42.2,765.34,273.88,0,240.41,658.5,1172.79,414.97,7.52,4491,60984.39,3.5,128.37,30.61,748,236.23,8,165,22.37,748,31,248,62125,4,20,1171,8,0,0,0,0,0,0,27225,0,9,81,-514,0,-814,0,0,0,0,0,2023,0,0
15,South_Western,2015,0,0,1,1304.69,105.98,1410.67,302.68,9.36,150.17,449.08,911.28,-480.98,18.41,4903,61733.93,6.41,237.57,40.24,998,272.4,7,186,19.93,998,36,269,64906,5,22,1034,8,0,0,0,0,0,0,34596,0,1,1,3835,0,-3381,0,0,0,0,0,2023,-8,0
15,South_Western,2016,0,0,1,1305.99,109.9,1415.89,308.01,,172.22,435.95,916.18,-477.09,22.61,5055,60932.44,6.41,229.95,40.28,998,278.94,7,186,19.81,998,36,269,64906,5,22,1034,8,0,0,0,0,0,0,34596,0,2,4,3866,0,-2591,0,0,0,0,0,2023,-7,0
15,South_Western,2017,0,0,1,1157.57,87.87,1245.44,293.74,5.62,185.63,440.88,925.87,-284.33,35.24,5059,58063.24,5.94,211.82,39.05,998,279.93,7,186,19.5,998,36,269,64906,5,22,1034,8,0,0,0,0,0,0,34596,0,3,9,2790,0,-1392,0,0,0,0,0,2023,-6,0
15,South_Western,2018,0,0,1,1276.45,94.57,1371.02,332.24,9.4,240.7,568.49,1150.83,-212.42,7.78,5177,64175.54,6.04,215.98,38.99,998,295.08,8,184,20.89,998,36,269,64906,5,22,1034,8,0,0,0,0,0,0,33856,0,4,16,2698,0,468,0,0,0,0,0,2023,-5,0
15,South_Western,2019,0,0,1,1197.42,124.38,1321.8,350.58,9.08,231.43,435.25,1026.35,-365.69,-70.23,5308,66049.94,5.71,203.66,38.49,998,296.52,8,184,21.81,998,36,269,64906,5,22,1034,8,0,0,0,0,0,0,33856,0,5,25,2254,0,1077,0,0,0,0,0,2023,-4,0
15,South_Western,2020,0,0,1,221.61,38.01,259.62,381.76,7.51,217.09,565.46,1171.83,913.59,1.39,5643,67652.72,1.11,45.68,28.58,998,246.02,9,187,22.94,998,36,269,64906,5,22,1034,8,0,0,0,0,0,0,34969,0,6,36,-8082,0,4993,-1,0,0,0,0,2023,-3,1
15,South_Western,2021,0,0,1,633.66,3.77,637.43,387.29,8.81,122.9,557.58,1076.58,450.03,10.88,5265,73559.2,3.06,108.54,33.02,998,262.48,8,187,23.63,998,36,269,64906,5,22,1034,8,0,0,0,0,0,0,34969,0,7,49,-3031,0,2199,0,0,0,0,0,2023,-2,0
15,South_Western,2022,0,0,1,809.94,53.4,863.35,356.9,11.54,126.72,537.18,1032.34,180.64,11.65,5217,68408.76,4.02,138.36,32.19,998,240.72,7,187,24.24,998,36,269,64906,5,22,1034,8,0,0,0,0,0,0,34969,0,8,64,-3921,0,71,0,0,0,0,0,2023,-1,0
15,South_Western,2023,0,0,1,896.4,54.97,951.37,335.99,9.23,141.36,607.41,1094,154.66,12.03,5285,63575.91,4.52,153.25,33.27,998,246.94,7,187,24.4,998,36,269,64906,5,22,1034,8,0,0,0,0,0,0,34969,0,9,81,-2760,0,-198,0,0,0,0,0,2023,0,0
16,"Thameslink,_Southern_and_Great_Northern_(GTR)",2015,0,0,1,1824.47,128.8,1953.28,467.41,1.62,276.6,799.19,1544.81,-418.29,-9.83,6931,67437.44,8.93,327.01,61.95,1234,397.99,6,234,18.93,1250,60,459,75508,7,12,1853,8,0,0,0,0,0,0,54756,0,1,1,2498,0,-9570,0,0,0,0,0,2023,-8,0
16,"Thameslink,_Southern_and_Great_Northern_(GTR)",2016,0,0,1,1848.48,135.81,1984.28,507.56,2.63,346.82,785.51,1642.52,-355.67,-13.9,7129,71196.8,8.72,320.72,57.41,1234,386.73,7,236,14.18,1250,60,459,75508,7,12,1853,8,0,0,0,0,0,0,55696,0,2,4,-1697,0,-7096,0,0,0,0,0,2023,-7,0
16,"Thameslink,_Southern_and_Great_Northern_(GTR)",2017,0,0,1,1852.38,183.37,2035.74,531.32,3.33,437.85,779.34,1751.84,-262.18,21.72,7143,74382.83,8.75,318.84,61.04,1234,425.21,7,236,11.33,1250,60,459,75508,7,12,1853,8,0,0,0,0,0,0,55696,0,3,9,1717,0,-5225,0,0,0,0,0,2023,-6,0
16,"Thameslink,_Southern_and_Great_Northern_(GTR)",2018,0,0,1,1913.24,223.36,2136.6,578.23,4.02,534.26,993.27,2109.78,-41.69,-14.87,7276,79471.34,9.21,341.49,63.26,1287,490.48,8,235,11.11,1250,60,459,75508,7,12,1853,8,0,0,0,0,0,0,55225,0,4,16,1346,0,735,0,0,0,0,0,2023,-5,0
16,"Thameslink,_Southern_and_Great_Northern_(GTR)",2019,0,0,1,1932.05,249.18,2181.22,604.53,3.62,550.54,1017.39,2176.08,13.36,18.5,7427,81396.06,9.34,348.85,69.07,1287,554.84,8,235,10.61,1250,60,459,75508,7,12,1853,8,0,0,0,0,0,0,55225,0,5,25,6198,0,2692,0,0,0,0,0,2023,-4,0
16,"Thameslink,_Southern_and_Great_Northern_(GTR)",2020,0,0,1,375.24,128.84,504.08,601.78,2.22,542.51,906.1,2052.61,1585.49,36.97,7481,80437.87,1.78,76.1,59.73,1287,496.62,8,235,11.61,1250,60,459,75508,7,12,1853,8,0,0,0,0,0,0,55225,0,6,36,-1820,0,4587,-1,0,0,0,0,2023,-3,1
16,"Thameslink,_Southern_and_Great_Northern_(GTR)",2021,0,0,1,952.4,168.33,1120.73,573.19,3.3,502.38,894.15,1973.03,897.17,44.87,7413,77322.44,4.7,179,57.4,1268,479.22,8,235,12.19,1250,60,459,75508,7,12,1853,8,0,0,0,0,0,0,55225,0,7,49,-3182,0,4821,0,0,0,0,0,2023,-2,0
16,"Thameslink,_Southern_and_Great_Northern_(GTR)",2022,0,0,1,1293.98,106.09,1400.06,536.45,4.34,469.93,683.2,1693.91,313.62,19.77,7245,74049.07,6.84,250.37,54.7,1268,450.31,8,235,11.15,1250,60,459,75508,7,12,1853,8,0,0,0,0,0,0,55225,0,8,64,-5848,0,4043,0,0,0,0,0,2023,-1,0
16,"Thameslink,_Southern_and_Great_Northern_(GTR)",2023,0,0,1,1433.18,96.66,1529.84,533.9,3.25,476.3,720.03,1733.48,226.77,23.13,7227,73875.19,7.6,278.96,54.77,1146,445.14,8,236,11.3,1250,60,459,75508,7,12,1853,8,0,0,0,0,0,0,55696,0,9,81,-182,0,3361,0,0,0,0,0,2023,0,0
17,TransPennine_Express,2015,0,0,1,298.3,17.28,315.59,87.7,19.88,96.46,122.28,326.31,26.79,16.06,1135,77265.72,1.95,29.37,19.61,1250,68.14,3,30,9.48,1211,17,68,70708,2,10,388,4,0,0,0,0,0,0,900,0,1,1,89,0,-121,0,0,0,0,0,2023,-8,0
17,TransPennine_Express,2016,0,0,1,288.11,26.86,314.97,77.05,12.61,94.24,119.63,303.53,-11.08,0.35,1111,69354.21,1.89,26.75,17.58,1090,61.28,3,19,10.78,1211,17,68,70708,2,10,388,4,0,0,0,0,0,0,361,0,2,4,46,0,-48,0,0,0,0,0,2023,-7,0
17,TransPennine_Express,2017,0,0,1,303.19,24.89,328.08,81.72,14.59,98.5,113.17,307.99,-27.39,-7.29,1117,73161.06,2.01,27.85,17.88,1091,63.24,4,19,11.78,1211,17,68,70708,2,10,388,4,0,0,0,0,0,0,361,0,3,9,52,0,-42,0,0,0,0,0,2023,-6,0
17,TransPennine_Express,2018,0,0,1,317.41,15.89,333.3,90.8,17.7,127.52,78.1,314.12,-20.93,-1.75,1258,72180.86,2.08,29.25,20.63,1040,69.99,3,19,12.62,1211,17,68,70708,2,10,388,4,0,0,0,0,0,0,361,0,4,16,121,0,-57,0,0,0,0,0,2023,-5,0
17,TransPennine_Express,2019,0,0,1,313.16,17.56,330.72,107.66,18.14,143.63,107.22,376.66,42.92,-3.02,1459,73793.62,2.06,28.59,21.11,1253,74.9,4,19,6.96,1211,17,68,70708,2,10,388,4,0,0,0,0,0,0,361,0,5,25,62,0,-41,0,0,0,0,0,2023,-4,0
17,TransPennine_Express,2020,0,0,1,54.97,8.02,62.99,108.17,16.16,176.11,170.81,471.26,407.53,-0.74,1428,75776.73,0.4,5.4,13.43,1253,67.8,5,19,7.75,1211,17,68,70708,2,10,388,4,0,0,0,0,0,0,361,0,6,36,-102,0,86,-1,0,0,0,0,2023,-3,1
17,TransPennine_Express,2021,0,0,1,177.44,-20.39,157.05,106.27,19.96,190.04,138.88,455.15,296.71,-1.39,1570,67711.93,1.19,16.16,15.66,1253,76.64,5,19,8.58,1211,17,68,70708,2,10,388,4,0,0,0,0,0,0,361,0,7,49,-46,0,75,0,0,0,0,0,2023,-2,0
17,TransPennine_Express,2022,0,0,1,200.48,10.25,210.73,94.86,22.11,73.42,283.38,473.77,270.14,7.11,1602,59215.84,1.4,19.24,12.04,1312,56.71,5,19,9.58,1211,17,68,70708,2,10,388,4,0,0,0,0,0,0,361,0,8,64,-158,0,61,0,0,0,0,0,2023,-1,0
17,TransPennine_Express,2023,0,1,0,232.29,11.05,243.35,120.03,21.67,42.79,282.27,466.76,228.09,4.67,1768,67910.4,1.76,23.39,16.88,1359,76.85,5,19,11.63,1211,17,68,70708,2,10,388,4,0,0,0,0,0,0,361,0,9,81,-48,0,49,0,0,0,0,0,2023,0,0
18,Wales_and_Borders_(TfW_Rail),2015,0,1,0,177.17,64.87,242.04,146.63,23.48,53.9,113.84,337.85,118.08,22.28,2117,69264.25,1.22,31.5,23.98,1624,61.32,3,247,25.39,1754,22,57,66569,1,27,415,3,0,0,0,0,0,0,61009,0,1,1,9037,0,158,0,0,0,0,0,2023,-8,0
18,Wales_and_Borders_(TfW_Rail),2016,0,1,0,182.05,62.76,244.82,135.94,23.01,53.67,126.18,338.8,122.5,28.52,2169,62674.56,1.23,32.26,23.91,1624,60.93,3,247,26.51,1754,22,57,66569,1,27,415,3,0,0,0,0,0,0,61009,0,2,4,8863,0,-59,0,0,0,0,0,2023,-7,0
18,Wales_and_Borders_(TfW_Rail),2017,0,1,0,184.62,71.76,256.38,141.47,22.51,53.56,127.08,344.62,117.76,29.53,2193,64508.92,1.25,32.94,23.81,1624,60.17,3,247,27.51,1754,22,57,66569,1,27,415,3,0,0,0,0,0,0,61009,0,3,9,8609,0,-575,0,0,0,0,0,2023,-6,0
18,Wales_and_Borders_(TfW_Rail),2018,0,1,0,187.63,61.77,249.4,148.75,25.06,59.94,178.09,411.84,177.23,14.78,2293,64870.99,1.24,34.15,23.81,1785,58.76,2,247,28.51,1754,22,57,66569,1,27,415,3,0,0,0,0,0,0,61009,0,4,16,2843,0,-2020,0,0,0,0,0,2023,-5,0
18,Wales_and_Borders_(TfW_Rail),2019,0,1,0,175.28,38.62,213.9,169.12,21.69,76.63,171.87,439.32,225.78,0.37,2495,67772.34,1.17,31.84,23.86,1827,59.14,2,247,29.29,1754,22,57,66569,1,27,415,3,0,0,0,0,0,0,61009,0,5,25,1568,0,-1767,0,0,0,0,0,2023,-4,0
18,Wales_and_Borders_(TfW_Rail),2020,0,1,0,29.58,12,41.58,179.33,18.3,68.62,185.84,452.09,405.97,-4.54,2585,69372.56,0.19,5.02,17.09,1827,45.38,3,248,29.86,1754,22,57,66569,1,27,415,3,0,0,0,0,0,0,61504,0,6,36,-18943,0,2457,-1,0,0,0,0,2023,-3,1
18,Wales_and_Borders_(TfW_Rail),2021,0,1,0,107.53,20.84,128.38,188.41,18.14,72.59,171.29,450.44,327.22,5.15,2769,68042.78,0.73,17.65,20.13,1827,52.35,3,248,29.43,1754,22,57,66569,1,27,415,3,0,0,0,0,0,0,61504,0,7,49,-8898,0,1185,0,0,0,0,0,2023,-2,0
18,Wales_and_Borders_(TfW_Rail),2022,0,1,0,136.67,26.28,162.95,195.16,21.11,50.15,174.04,440.46,277.16,-0.34,2993,65196.95,0.98,23.16,21.53,1827,55.32,3,248,23.87,1754,22,57,66569,1,27,415,3,0,0,0,0,0,0,61504,0,8,64,-4739,0,430,0,0,0,0,0,2023,-1,0
18,Wales_and_Borders_(TfW_Rail),2023,0,1,0,148.39,37.23,185.63,224.31,22.57,57.27,218.3,522.46,341.39,4.56,3327,67420.97,1.07,26.25,22.92,1827,59.51,3,248,19.02,1754,22,57,66569,1,27,415,3,0,0,0,0,0,0,61504,0,9,81,-888,0,1068,0,0,0,0,0,2023,0,0
19,West_Coast,2015,0,0,1,1338.88,75.43,1414.3,237.15,20.9,157.46,723.46,1138.96,-208.17,67.17,3391,69934.11,7.06,35.7,35.18,1265,335.65,10,17,11.39,1295,31,304,67544,6,16,1098,10,0,0,0,0,0,0,289,0,1,1,41,0,-6,0,0,0,0,0,2023,-8,0
19,West_Coast,2016,0,0,1,1410.19,103.67,1513.87,234.7,,400.56,535.22,1170.48,-276.62,66.77,3510,66866.95,7.47,37.73,36.03,1265,344.21,10,17,12.53,1295,31,304,67544,6,16,1098,10,0,0,0,0,0,0,289,0,2,4,48,0,-6,0,0,0,0,0,2023,-7,0
19,West_Coast,2017,0,0,1,1402.66,77.33,1479.99,243.17,,405.93,445.09,1094.2,-316.7,69.09,3581,67906.14,7.58,38.29,35.29,1265,338.84,10,17,13.53,1295,31,304,67544,6,16,1098,10,0,0,0,0,0,0,289,0,3,9,42,0,-4,0,0,0,0,0,2023,-6,0
19,West_Coast,2018,0,0,1,1471.93,71.98,1543.9,250.32,,411.08,528.44,1189.84,-301.59,52.47,3724,67218.77,7.67,39.48,35.95,1310,344.3,10,16,14.53,1295,31,304,67544,6,16,1098,10,0,0,0,0,0,0,256,0,4,16,33,0,-4,0,0,0,0,0,2023,-5,0
19,West_Coast,2019,0,0,1,1422.56,79.28,1501.84,263.29,,431.46,415.46,1110.21,-346.01,45.61,3383,77820.41,7.39,37.48,35.29,1310,337.64,10,16,15.53,1295,31,304,67544,6,16,1098,10,0,0,0,0,0,0,256,0,5,25,29,0,-5,0,0,0,0,0,2023,-4,0
19,West_Coast,2020,0,0,1,169.92,26.8,196.72,236.53,11.81,434.03,371.4,1053.76,877.34,20.3,3326,71115.28,1.16,6.16,25.57,1310,256.45,10,16,16.53,1295,31,304,67544,6,16,1098,10,0,0,0,0,0,0,256,0,6,36,-54,0,8,-1,0,0,0,0,2023,-3,1
19,West_Coast,2021,0,0,1,687.96,39.8,727.76,231.02,9.86,424.61,449.42,1114.92,398.67,11.52,3279,70461.85,4.23,21.56,25.7,1310,259.22,10,16,17.53,1295,31,304,67544,6,16,1098,10,0,0,0,0,0,0,256,0,7,49,-53,0,9,0,0,0,0,0,2023,-2,0
19,West_Coast,2022,0,0,1,880.19,49.15,929.34,171.69,10.95,387.61,423.67,993.93,96.55,31.96,3297,52075.1,5.1,26.59,23.76,1310,238.45,10,16,18.5,1295,31,304,67544,6,16,1098,10,0,0,0,0,0,0,256,0,8,64,-73,0,8,0,0,0,0,0,2023,-1,0
19,West_Coast,2023,0,0,1,1034.57,53.3,1087.87,212.09,10.55,369.03,420.83,1012.5,-67.23,8.14,3288,64500,6.31,32.75,28.09,1310,280.09,10,16,19.5,1295,31,304,67544,6,16,1098,10,0,0,0,0,0,0,256,0,9,81,-30,0,6,0,0,0,0,0,2023,0,0
20,West_Midlands,2015,0,0,1,416.92,62.33,479.25,173.53,10.78,65.36,279.64,529.31,47.21,-2.84,2463,70452.92,2.61,69.6,25,899,111.07,4,150,11.69,899,24,124,68572,2,15,638,5,0,0,0,0,0,0,22500,0,1,1,979,0,-3472,0,0,0,0,0,2023,-8,0
20,West_Midlands,2016,0,0,1,439.96,66.09,506.05,174.41,10.95,93.29,301.82,580.46,104.64,30.23,2563,68049.66,2.78,73.57,25.16,899,111.84,4,150,12.74,899,24,124,68572,2,15,638,5,0,0,0,0,0,0,22500,0,2,4,1124,0,-3463,0,0,0,0,0,2023,-7,0
20,West_Midlands,2017,0,0,1,439.42,82.34,521.76,183.67,11.99,91.99,306,593.65,113,41.12,2589,70943.01,2.8,74.93,25.05,900,112.02,4,148,13.75,899,24,124,68572,2,15,638,5,0,0,0,0,0,0,21904,0,3,9,979,0,-3239,0,0,0,0,0,2023,-6,0
20,West_Midlands,2018,0,0,1,457.59,73.9,531.49,186.08,,105.59,359.85,651.52,156.15,36.11,2834,65658.86,2.92,78.69,25.62,900,114.43,4,149,15.25,899,24,124,68572,2,15,638,5,0,0,0,0,0,0,22201,0,4,16,1487,0,-3306,0,0,0,0,0,2023,-5,0
20,West_Midlands,2019,0,0,1,472.36,85.66,558.02,206.22,,117.3,347.19,670.71,135.9,23.2,2915,70755.64,3.15,79.54,27.86,900,138.09,5,149,15.62,899,24,124,68572,2,15,638,5,0,0,0,0,0,0,22201,0,5,25,3352,0,-998,0,0,0,0,0,2023,-4,0
20,West_Midlands,2020,0,0,1,84.46,57.85,142.31,208.61,9.67,114.09,343.89,676.26,545.78,11.83,2886,72281.75,0.54,13.62,20.44,900,128.5,6,149,16.12,899,24,124,68572,2,15,638,5,0,0,0,0,0,0,22201,0,6,36,-3532,0,4287,-1,0,0,0,0,2023,-3,1
20,West_Midlands,2021,0,0,1,252.28,83.45,335.73,198.73,8.77,101.6,406.92,716.02,387.63,7.34,2901,68513.95,1.71,42.39,22.31,900,135.94,6,149,16.97,899,24,124,68572,2,15,638,5,0,0,0,0,0,0,22201,0,7,49,-1582,0,3588,0,0,0,0,0,2023,-2,0
20,West_Midlands,2022,0,0,1,327.86,32.89,360.76,188.26,7.26,104.22,340.91,640.65,290.74,10.84,2948,63861.68,2.3,56.23,21.42,900,130.68,6,149,15.47,899,24,124,68572,2,15,638,5,0,0,0,0,0,0,22201,0,8,64,-2488,0,3618,0,0,0,0,0,2023,-1,0
20,West_Midlands,2023,0,0,1,357.63,30.44,388.07,193.45,8.74,106.44,378.7,687.33,308.12,8.86,2903,66629.57,2.49,61.82,22.72,900,134.99,6,0,13.43,899,24,124,68572,2,15,638,5,0,0,0,0,0,0,0,0,9,81,0,0,0,0,0,0,0,0,2023,0,0
21,Grand_Central,2015,1,0,0,57.66,1.25,58.91,8.69,6.53,6.54,29.38,51.14,0,7.76,136,63916.69,0.38,1.4,2.6,763,15.71,6,0,,627,2,12,62078,0,21,55,5,0,0,0,0,0,0,0,0,1,1,0,0,0,0,,,,,2023,-8,0
21,Grand_Central,2016,1,0,0,55.23,7.66,62.89,9.19,6.26,6.48,29.91,51.84,0,11.05,153,60043.87,0.39,1.44,2.57,763,15.85,6,0,26.73,627,2,12,62078,0,21,55,5,0,0,0,0,0,0,0,0,2,4,0,0,0,0,0,0,0,0,2023,-7,0
21,Grand_Central,2017,1,0,0,54.67,9.84,64.51,10.24,5.48,6.25,33.83,55.8,0,8.71,157,65241.94,0.39,1.39,2.54,763,14.92,6,0,17.57,627,2,12,62078,0,21,55,5,0,0,0,0,0,0,0,0,3,9,0,0,0,0,0,0,0,0,2023,-6,0
21,Grand_Central,2018,1,0,0,61.8,4.42,66.22,10.85,5.83,5.56,32.16,54.39,0,11.84,193,56192.21,0.42,1.51,2.54,763,12.75,5,0,18.57,627,2,12,62078,0,21,55,5,0,0,0,0,0,0,0,0,4,16,0,0,0,0,0,0,0,0,2023,-5,0
21,Grand_Central,2019,1,0,0,57.67,4.75,62.43,11.2,5.78,5.93,32.07,54.97,0,7.45,222,50444.44,0.39,1.41,2.42,518,12.31,5,0,22.25,627,2,12,62078,0,21,55,5,0,0,0,0,0,0,0,0,5,25,0,0,0,0,0,0,0,0,2023,-4,0
21,Grand_Central,2020,1,0,0,4.91,4.96,9.87,11.64,3.31,0.3,45.86,61.11,0,-51.24,163,71420.23,0.04,0.17,0.78,518,3.94,5,0,20.57,627,2,12,62078,0,21,55,5,0,-1,0,0,0,1,0,0,6,36,0,0,0,-1,0,0,0,0,2023,-3,1
21,Grand_Central,2021,1,0,0,28.88,4.36,33.24,11.74,4.1,0,37.97,53.82,0,-20.58,164,71610.4,0.28,1.03,2.14,518,10.76,5,0,20.34,627,2,12,62078,0,21,55,5,0,0,0,0,0,0,0,0,7,49,0,0,0,0,0,0,0,0,2023,-2,0
21,Grand_Central,2022,1,0,0,46.05,6.14,52.18,11.07,4.38,0,40.95,56.39,0,-4.21,169,65476.54,0.43,1.59,2.5,518,12.49,5,0,21.34,627,2,12,62078,0,21,55,5,0,0,0,0,0,0,0,0,8,64,0,0,0,0,0,0,0,0,2023,-1,0
21,Grand_Central,2023,1,0,0,53.76,3.03,56.79,9.68,7.51,0.67,38.44,56.3,0,0.48,178,54357.52,0.47,1.76,2.57,518,12.85,5,0,22.21,627,2,12,62078,0,21,55,5,0,0,0,0,0,0,0,0,9,81,0,0,0,0,0,0,0,0,2023,0,0
22,Heathrow_Express_and_Heathrow_Connect,2015,1,0,0,152.4,22.44,174.84,31.79,0,7.91,104.97,144.67,0,30.17,435,,0.14,5.82,2.11,29,10.57,5,0,,29,2,11,44579,0,13,100,7,0,0,0,0,,0,0,0,1,1,0,0,0,0,,,,,2023,-8,0
22,Heathrow_Express_and_Heathrow_Connect,2016,1,0,0,157.02,14.19,171.21,31.81,0,9.46,131.32,172.59,0,-1.38,436,,0.15,6.04,2.08,29,11.58,6,0,16.72,29,2,11,44579,0,13,100,7,0,0,0,1,,0,0,0,2,4,0,0,0,0,0,,,,2023,-7,0
22,Heathrow_Express_and_Heathrow_Connect,2017,1,0,0,157.76,13.5,171.26,32.58,0,9.22,118.63,160.44,0,10.83,398,,0.16,6.38,2.15,29,15.04,7,0,17.72,29,2,11,44579,0,13,100,7,0,0,0,0,,0,0,0,3,9,0,0,0,0,0,,,,2023,-6,0
22,Heathrow_Express_and_Heathrow_Connect,2018,1,0,0,148.49,6.45,154.93,24.47,0,8.41,82.5,115.38,0,39.55,186,,0.15,6.2,1.49,29,11.61,8,0,20.71,29,2,11,44579,0,13,100,7,0,0,0,0,,0,0,0,4,16,0,0,0,0,0,,,,2023,-5,0
22,Heathrow_Express_and_Heathrow_Connect,2019,1,0,0,132.2,1.61,133.81,12.33,0,13.24,45.14,70.71,0,63.1,188,65582.37,0.14,5.82,1.38,29,10.28,7,0,21.71,29,2,11,44579,0,13,100,7,0,0,0,0,0,0,0,0,5,25,0,0,0,0,1,0,0,0,2023,-4,0
22,Heathrow_Express_and_Heathrow_Connect,2020,1,0,0,7.49,1.44,8.93,2.9,0,11.49,41,55.4,0,-46.46,163,17797.18,0.01,0.27,0.81,29,6,7,0,4.59,29,2,11,44579,0,13,100,7,0,-1,0,-1,-1,0,0,0,6,36,0,0,0,-2,-1,0,0,-1,2023,-3,1
22,Heathrow_Express_and_Heathrow_Connect,2021,1,0,0,45.73,2.19,47.92,5.91,0,5.25,40.42,51.58,0,-3.67,183,32298.69,0.05,1.78,1.45,29,11.62,8,0,5.59,29,2,11,44579,0,13,100,7,0,0,0,-1,0,0,0,0,7,49,0,0,0,-1,-1,0,0,0,2023,-2,0
22,Heathrow_Express_and_Heathrow_Connect,2022,1,0,0,104.63,1.31,105.94,7.39,0,0,53.14,60.53,0,45.41,142,52008.34,0.12,4.71,1.38,29,10.98,8,0,6.59,29,2,11,44579,0,13,100,7,0,0,0,-1,0,0,0,0,8,64,0,0,0,0,-1,0,0,0,2023,-1,0
22,Heathrow_Express_and_Heathrow_Connect,2023,1,0,0,94.6,5.06,99.66,8.14,0,4.61,58,70.76,0,28.9,148,55206.61,0.12,4.54,1.41,29,11.24,8,0,7.59,29,2,11,44579,0,13,100,7,0,0,0,0,0,0,0,0,9,81,0,0,0,0,-1,0,0,0,2023,0,0
23,Hull_Trains,2015,1,0,0,38.69,4,42.69,7,3.2,2.98,19.69,32.88,0,9.81,107,,0.22,0.95,1.54,29,7.73,5,0,,309,1,7,68423,0,7,32,5,-2,2,0,0,,6,0,0,1,1,0,0,0,0,,,,,2023,-8,0
23,Hull_Trains,2016,1,0,0,37.75,1.3,39.05,6.51,3.91,11.72,10.41,32.55,0,6.51,114,,0.23,1,1.55,343,7.84,5,0,14.94,309,1,7,68423,0,7,32,5,0,0,0,0,,0,0,0,2,4,0,0,0,0,1,,,,2023,-7,0
23,Hull_Trains,2017,1,0,0,39.16,0.51,39.67,7.59,0,0,28.6,36.19,0,3.48,116,,0.24,1.03,1.52,343,7.63,5,0,15.94,309,1,7,68423,0,7,32,5,0,0,0,0,,0,0,0,3,9,0,0,0,0,1,,,,2023,-6,0
23,Hull_Trains,2018,1,0,0,37.7,0.43,38.13,7.85,0,0,28.83,36.67,0,1.45,119,65935.04,0.24,1.01,1.44,343,7.2,5,0,16.94,309,1,7,68423,0,7,32,5,0,0,0,0,0,0,0,0,4,16,0,0,0,0,1,0,0,0,2023,-5,0
23,Hull_Trains,2019,1,0,0,38.88,0.56,39.45,8.56,0,0,28.02,36.58,0,2.87,129,66334.68,0.25,1.05,1.58,344,8.12,5,0,0.35,309,1,7,68423,0,7,32,5,0,0,0,0,0,0,0,0,5,25,0,0,0,0,-3,0,0,0,2023,-4,0
23,Hull_Trains,2020,1,0,0,2.99,4.1,7.1,6.59,0,0,10.52,17.11,0,-10.02,98,67288.32,0.02,0.08,0.3,344,1.5,5,0,1.25,309,1,7,68423,0,7,32,5,0,-2,0,-1,0,3,0,0,6,36,0,0,0,-1,-2,0,0,0,2023,-3,1
23,Hull_Trains,2021,1,0,0,23.12,1.75,24.87,7.18,0,0,21.48,28.66,0,-3.79,101,71092.52,0.18,0.76,1.33,344,6.73,5,0,2.25,309,1,7,68423,0,7,32,5,0,0,0,0,0,0,0,0,7,49,0,0,0,0,-1,0,0,0,2023,-2,0
23,Hull_Trains,2022,1,0,0,34.62,3.34,37.96,7.15,0,0,25.9,33.05,0,4.91,100,71466.36,0.26,1.15,1.51,344,8.28,5,0,3.25,309,1,7,68423,0,7,32,5,0,0,0,0,0,0,0,0,8,64,0,0,0,0,-1,0,0,0,2023,-1,0
23,Hull_Trains,2023,1,0,0,43.03,2.06,45.09,7.52,0,0,34.88,,0,,120,,0.32,1.43,1.59,344,9,6,0,4.25,309,1,7,68423,0,7,32,5,0,0,0,,,0,0,0,9,81,0,0,0,0,-1,,,,2023,0,0